[{"model": "admin.logentry", "pk": 1, "fields": {"action_time": "2026-06-04T18:02:21.129Z", "user": 1, "content_type": 21, "object_id": "1", "object_repr": "Configuración General", "action_flag": 2, "change_message": "[{\"changed\": {\"fields\": [\"Mensaje cuando se alcanza\"]}}]"}}, {"model": "auth.user", "pk": 1, "fields": {"password": "pbkdf2_sha256$1000000$Zau1MuZf6qr2vfdJdvd0tW$mI39Ekgvg7Tp5tnhfIKjvYsMQZBhrZQ6TI+N4Miqa2Y=", "last_login": "2026-06-10T13:24:36.006Z", "is_superuser": true, "username": "fandrada", "first_name": "", "last_name": "", "email": "fandrada153@gmail.com", "is_staff": true, "is_active": true, "date_joined": "2026-05-30T18:22:20.814Z", "groups": [], "user_permissions": []}}, {"model": "auth.user", "pk": 2, "fields": {"password": "!zG3DFBKwVzlxs7GfjUxAOgBFyxoTstLShwwPnl7e", "last_login": "2026-06-10T12:05:39.749Z", "is_superuser": false, "username": "facundo", "first_name": "Facundo", "last_name": "Andrada", "email": "", "is_staff": false, "is_active": true, "date_joined": "2026-05-30T18:23:46.451Z", "groups": [], "user_permissions": []}}, {"model": "auth.user", "pk": 3, "fields": {"password": "!VKfC7XQNY2SkOvjgrWD7m92wtmMMKX9c3dqLXekF", "last_login": "2026-06-08T20:52:41.400Z", "is_superuser": false, "username": "mercedes", "first_name": "Mercedes", "last_name": "Salegas", "email": "", "is_staff": false, "is_active": true, "date_joined": "2026-06-08T20:52:39.018Z", "groups": [], "user_permissions": []}}, {"model": "sessions.session", "pk": "7tlcja2djjbedi4jv38ccbue2dto82n3", "fields": {"session_data": ".eJxVjEEOwiAQRe_C2hCgFMSl-56BDDOMVA0kpV0Z765NutDtf-_9l4iwrSVuPS9xJnERWpx-twT4yHUHdId6axJbXZc5yV2RB-1yapSf18P9OyjQy7dWnBkMO-U9oXKZM1kbxgBGa22HwA4CJwP-jJoDqZBwGFVCgIEcEIj3B_1kOOg:1wVIoI:bzcqrdlpbIf-zCE35pROChin2oVGLm_xtShsz47F9jU", "expire_date": "2026-06-19T00:53:18.771Z"}}, {"model": "sessions.session", "pk": "9ecadts99uu2elie3y011n72x11223ss", "fields": {"session_data": ".eJxdUMtu3CAU_RXEqpFGFow9npBVGimbKNl1Gcm6vlzGpDbXAjyLRPPvxXk4bXdwXhzOm-xgyUO3JIqdt_JGarn7G-sBf1NYCfsC4cQVcsjR99UqqT7ZVD2xpfHuU_tPwABpKG7lyMHetep4tKhacmSbxhwM7LXWTW1cC8b1ezheo3bGKtNjfVA9AtS2BQsllMLZc4ec_StYljdvco6EvpxMrU2ldjLw1Ecqr92H8_OiFFkWICxPHv3oWfz4xTNE5Ct52UkLmVP3HrpmfXi_7vJlgbC-OYEfN9BBsLGU0Yf69rQyZY2pqDKN5DjwJtS6PRhlrptjYa0vNUvPsNEPnEhA9Gkqc_kiCctE8dveam0KOvu0YWEZxxJFc_4PQr9YsJv1EcQTZAiv62Jz5LMP6GGj7xYKnMTPUikVAbL1J-5mThm-v6mVatZSnGEbSA6ANJFAQBAUBI1iJhxYXi5_AM-4xDo:1wWdGe:jEWw6iyg5OMe1MLV07JLXX2__8h3qxQOUaeAQzB2V-g", "expire_date": "2026-06-22T16:56:04.466Z"}}, {"model": "sessions.session", "pk": "emgq9922zobkrvj9reh7gnf3jvd543r5", "fields": {"session_data": ".eJxdUk2v2yAQ_CsWp1aKLLCNMTm9vHdtL-2xrSwMawfVYSPAObwo_72QD0fpDWZmZ2dhzySgtmpWWuPiYh-iihDI9nzZkAd2Am9HC6aHg7Iz2bplnp-sWuIeXLRaRYuuP0Dco0kOv87kdibb1x4k1UayZaKjkjPJZSm7VgouNuTo8WQN-FQyIU4zJO1iswOjTMiurppaVLyqZcebTpDLnw25BuiXAL6_Kmvygg1K_wWXCTXPGS7vMcqr5k6Hcvcyxvu96sVqr8I--YjGaAGaNZTrSkgK0LF20FyMY1NXgred7oZqGGot6aDpONCWSWiUYpSD4DSZgjtZ7DVG-6kMptdOk4O26STrVpR0QxweBg-p2w-I1mMBrjim0FgYSOfoYVLFlw_0HrDY-Sknd_iVpF8zKmLorx2y8c3ocSc_lVfFAbwGA6EIak5GISfKX7uq7vhDx7q3KfOlxkPSRphhRIernLG24rLmUiTW2DSKzqvwoHensvgAf7K_F0pHhknkluT9NKhr3ib0aMOK3ZbMwDH-B2m7GGXW0m-q-K6icp-K3PfHpV1b6fcFHIZil0LlMTUaO2F_xLTnz3GZaPPWOIxqfTlCLpd_y0gM_A:1wWh52:8IMBZTpFXCvIOJh5XaDTZT4xhcCmiEHrWfMOB3zNCIA", "expire_date": "2026-06-22T21:00:20.570Z"}}, {"model": "sessions.session", "pk": "iqebp5a33m5rrp6170ngrzny2ago6bva", "fields": {"session_data": ".eJxVjEEOwiAQRe_C2hCgFMSl-56BDDOMVA0kpV0Z765NutDtf-_9l4iwrSVuPS9xJnERWpx-twT4yHUHdId6axJbXZc5yV2RB-1yapSf18P9OyjQy7dWnBkMO-U9oXKZM1kbxgBGa22HwA4CJwP-jJoDqZBwGFVCgIEcEIj3B_1kOOg:1wVULx:lv5XyYvGcweHF3MJqn-YqmkcTh8SUVPRiorBzO9FIdw", "expire_date": "2026-06-19T13:12:49.129Z"}}, {"model": "sessions.session", "pk": "rbzsk9yz1wgg557hxv1h6cq110ljp7gc", "fields": {"session_data": ".eJxVjEEOwiAQRe_C2hCgFMSl-56BDDOMVA0kpV0Z765NutDtf-_9l4iwrSVuPS9xJnERWpx-twT4yHUHdId6axJbXZc5yV2RB-1yapSf18P9OyjQy7dWnBkMO-U9oXKZM1kbxgBGa22HwA4CJwP-jJoDqZBwGFVCgIEcEIj3B_1kOOg:1wXIv6:uM5EBS-BHn-66NEzRzb_AbzpZLgOFh17su9fvKt6dVo", "expire_date": "2026-06-24T13:24:36.186Z"}}, {"model": "sessions.session", "pk": "ubn16ow6irazqsqvknqaf15b74ndoo8g", "fields": {"session_data": ".eJxdUsFu2zAM_RVDpw0wDMlOnCintUCxywIMW0_bCoOW6ESNLRqSnMOC_PvopnPXATpIfI_kE_kuIpJx0IMxNPnUxAQJo9hdxJfH79_2d-tB_nj43KfhJHY_L2IMZDAyLno6OC9yYSGB2Pmp73Mxngw2hiw2ZwyucxhuyDVXm63UVa3KsqikLLXaPl1z0cCUjs0UMTTOck0l3sVaMCf0M2CfwR-oMORTcG0xU4pXNBZ7btjfv3LfFThCPHK27LCDsqvlZmONrLFDu1rptYZSKbWqdFeD7toSNlujOm2lbk21lq0BqGwNFrgo-rMj_lpyv8HSPJ4xoHF805XShcyFp6ENyN0e_PnXJCVayiCzNDjjekfZh0caIRj6KK4vQ6PYvBSda91y_75FB2by3IXbDuD6f-LeBtaj1tWnw4zwQAZmJeyxI08LUal6raXerjbzghwrZal-gZ8pYgbB4RA9unlmfhowvOXXSmmOji4usduCLY7pv5BxkwW7pO4hZLyO7Gs_-yKfDXN2nh22MO4n9BSzO5YVmcB2cQdqRmLnvX1VSbmadVGCZU4CouUjrtc_2o3p_Q:1wWct4:QkDM5mdp41iO012Ly_8ixl-tRnQA2wPTX0i98njxJ2g", "expire_date": "2026-06-22T16:31:42.406Z"}}, {"model": "ventas.configuraciontienda", "pk": 1, "fields": {"envio_gratis_activo": true, "envio_gratis_umbral": "29000.00", "envio_gratis_mensaje": "¡Envío GRATIS en compras mayores a ${umbral}!", "envio_gratis_mensaje_logrado": "¡Desbloqueaste envío GRATIS!"}}, {"model": "ventas.pedido", "pk": 1, "fields": {"usuario": 2, "fecha_pedido": "2026-06-08T16:26:38.330Z", "fecha_entrega": null, "metodo_pago": "Mercado Pago", "estado": "pendiente", "total": "9329.00", "nombre_envio": "facundo andrada", "email_envio": "fandrada153@gmail.com", "telefono_envio": "1165909847", "direccion_envio": "Jose Arismendi", "numero_envio": "6119", "piso_envio": null, "depto_envio": null, "ciudad_envio": "La Matanza", "provincia_envio": "Buenos Aires", "codigo_postal_envio": "1004", "notas_envio": "hice kk", "metodo_envio": "Envío a domicilio (Toparco)", "costo_envio": "9319.00"}}, {"model": "ventas.pedido", "pk": 2, "fields": {"usuario": 1, "fecha_pedido": "2026-06-08T16:31:50.354Z", "fecha_entrega": null, "metodo_pago": "Mercado Pago", "estado": "pendiente", "total": "9329.00", "nombre_envio": "facundo", "email_envio": "fandrada153@gmail.com", "telefono_envio": "1165909847", "direccion_envio": "jose ariemsneid", "numero_envio": "6119", "piso_envio": null, "depto_envio": null, "ciudad_envio": "Mar del Plata", "provincia_envio": "Buenos Aires", "codigo_postal_envio": "1004", "notas_envio": "asdasd", "metodo_envio": "Envío a domicilio (Toparco)", "costo_envio": "9319.00"}}, {"model": "ventas.pedido", "pk": 3, "fields": {"usuario": 1, "fecha_pedido": "2026-06-08T16:56:13.652Z", "fecha_entrega": null, "metodo_pago": "Mercado Pago", "estado": "pendiente", "total": "9329.00", "nombre_envio": "juan", "email_envio": "fandrada153@gmail.com", "telefono_envio": "1165909847", "direccion_envio": "Jose arismendi", "numero_envio": "6119", "piso_envio": null, "depto_envio": null, "ciudad_envio": "La Matanza", "provincia_envio": "Buenos Aires", "codigo_postal_envio": "1004", "notas_envio": "haceme caca en el pecho", "metodo_envio": "Envío a domicilio (Toparco)", "costo_envio": "9319.00"}}, {"model": "ventas.pedido", "pk": 4, "fields": {"usuario": 3, "fecha_pedido": "2026-06-08T21:00:40.486Z", "fecha_entrega": null, "metodo_pago": "Mercado Pago", "estado": "pagado", "total": "9377.00", "nombre_envio": "Sara mercedes salegas", "email_envio": "salegasmercedes18@gmail.com", "telefono_envio": "1162593597", "direccion_envio": "Av. Cerviño", "numero_envio": "3356", "piso_envio": null, "depto_envio": null, "ciudad_envio": "La Matanza", "provincia_envio": "Buenos Aires", "codigo_postal_envio": "1763", "notas_envio": "", "metodo_envio": "Retiro en punto de entrega (Correo Argentino)", "costo_envio": "9367.00"}}, {"model": "ventas.detallepedido", "pk": 1, "fields": {"pedido": 1, "producto": 20, "cantidad": 1, "precio_unitario": "10.00"}}, {"model": "ventas.detallepedido", "pk": 2, "fields": {"pedido": 2, "producto": 20, "cantidad": 1, "precio_unitario": "10.00"}}, {"model": "ventas.detallepedido", "pk": 3, "fields": {"pedido": 3, "producto": 20, "cantidad": 1, "precio_unitario": "10.00"}}, {"model": "ventas.detallepedido", "pk": 4, "fields": {"pedido": 4, "producto": 20, "cantidad": 1, "precio_unitario": "10.00"}}, {"model": "ventas.historialpedido", "pk": 1, "fields": {"pedido": 1, "estado_anterior": "", "estado_nuevo": "pendiente", "fecha_cambio": "2026-06-08T16:26:39.054Z", "usuario": 2}}, {"model": "ventas.historialpedido", "pk": 2, "fields": {"pedido": 2, "estado_anterior": "", "estado_nuevo": "pendiente", "fecha_cambio": "2026-06-08T16:31:51.053Z", "usuario": 1}}, {"model": "ventas.historialpedido", "pk": 3, "fields": {"pedido": 3, "estado_anterior": "", "estado_nuevo": "pendiente", "fecha_cambio": "2026-06-08T16:56:14.376Z", "usuario": 1}}, {"model": "ventas.historialpedido", "pk": 4, "fields": {"pedido": 4, "estado_anterior": "", "estado_nuevo": "pendiente", "fecha_cambio": "2026-06-08T21:00:41.226Z", "usuario": 3}}, {"model": "ventas.historialpedido", "pk": 5, "fields": {"pedido": 4, "estado_anterior": "pendiente", "estado_nuevo": "pagado", "fecha_cambio": "2026-06-08T21:01:15.957Z", "usuario": 3}}, {"model": "ventas.pedidolog", "pk": 1, "fields": {"pedido": 1, "accion": "Carrito convertido a Pedido", "fecha": "2026-06-08T16:26:39.241Z", "usuario": 2}}, {"model": "ventas.pedidolog", "pk": 2, "fields": {"pedido": 2, "accion": "Carrito convertido a Pedido", "fecha": "2026-06-08T16:31:51.227Z", "usuario": 1}}, {"model": "ventas.pedidolog", "pk": 3, "fields": {"pedido": 3, "accion": "Carrito convertido a Pedido", "fecha": "2026-06-08T16:56:14.565Z", "usuario": 1}}, {"model": "ventas.pedidolog", "pk": 4, "fields": {"pedido": 4, "accion": "Carrito convertido a Pedido", "fecha": "2026-06-08T21:00:41.420Z", "usuario": 3}}, {"model": "ventas.carrito", "pk": 1, "fields": {"usuario": 2}}, {"model": "ventas.carrito", "pk": 2, "fields": {"usuario": 1}}, {"model": "ventas.carrito", "pk": 3, "fields": {"usuario": 3}}, {"model": "ventas.itemcarrito", "pk": 33, "fields": {"carrito": 2, "producto": 20, "cantidad": 1}}, {"model": "ventas.itemcarrito", "pk": 34, "fields": {"carrito": 2, "producto": 18, "cantidad": 1}}, {"model": "ventas.itemcarrito", "pk": 38, "fields": {"carrito": 1, "producto": 13, "cantidad": 2}}, {"model": "categorias.categoria", "pk": 1, "fields": {"nombre": "Accesorios de Gatos", "descripcion": "Accesorios", "imagen": "", "fecha_creacion": "2026-05-30T12:47:55.575Z"}}, {"model": "productos.producto", "pk": 9, "fields": {"nombre": "Cepillo a Vapor Clasico.", "descripcion": "Cepillo a Vapor para Mascotas\r\nEs la solución ideal para sacar el pelo muerto de tu perro o gato y olvidarte de los pelos flotando por toda la casa. Además, les hace masajes y los limpia un poco sin tener que bañarlos.\r\n\r\n¿Cómo funciona?\r\nCargás agua: Le ponés agua en el depósito y lo encendés para que tire una brisa de vapor frío.\r\n\r\nCepillás: El vapor humedece el pelo suelto y saca la estática. Así, todo el pelo muerto se queda pegado en el cepillo en vez de volar por el aire.\r\n\r\nLimpiás al toque: Cuando terminás, sacás todo el pelo acumulado de una sola vez, como una capa entera de pelo.\r\n\r\nLo mejor de este cepillo:\r\nNo lastima: Las puntas son de silicona blanda, así que no da tirones y a ellos les encanta porque se siente como un mimo.\r\n\r\nSaca la suciedad: El vapor ayuda a aflojar la tierra y el polvo del pelaje.\r\n\r\nPráctico: No lleva pilas, se carga directo por USB con el cable que te viene en la caja.\r\n\r\nPara todos: Sirve por igual para perros o gatos, tengan el pelo corto o largo.", "precio": "12900.00", "stock": 57, "destacado": false, "precio_oferta": null, "en_oferta": false, "en_carrusel": false, "fecha_fin_oferta": null, "es_combo": false, "etiqueta_oferta": "", "productos_incluidos": "", "peso_gramos": 500, "largo_cm": 20, "ancho_cm": 15, "alto_cm": 10, "portada": "", "categoria": 1, "creado": "2026-06-04T22:07:42.507Z", "actualizado": "2026-06-05T18:02:48.837Z"}}, {"model": "productos.producto", "pk": 10, "fields": {"nombre": "Sacapelusa 60 Hojas (Rodillo Clásico)", "descripcion": "Rodillo Quita Pelusas (60 Hojas)\r\nEs la herramienta salvavidas que necesitás a mano para sacar al toque los pelos de tu mascota, pelusas o polvo de la ropa, los sillones y el auto antes de salir de tu casa.\r\n\r\n¿Cómo funciona?\r\nPasás el rodillo: Lo deslizás sobre la superficie que querés limpiar (un pantalón, el sillón, una campera). La cinta adhesiva de alta eficacia atrapa todo en una pasada.\r\n\r\nDespegás y tirás: Cuando la hoja se llena de pelos y pierde el pegamento, la despegás fácil desde la punta y la tirás.\r\n\r\nListo para otra vez: Abajo ya te queda una hoja nueva y limpia lista para usar.\r\n\r\nLo mejor de este rodillo:\r\nSúper rendidor: Viene con 60 hojas adhesivas, así que te va a durar un buen tiempo antes de necesitar un repuesto.\r\n\r\nNo daña la ropa: El adhesivo es potente con los pelos y la mugre, pero súper suave con los tejidos. No te va a arruinar ninguna prenda.\r\n\r\nPráctico y portátil: Tiene un mango cómodo y liviano, ideal para guardarlo en la mochila, la guantera del auto o tenerlo cerca de la puerta.\r\n\r\nMultiuso: No solo sirve para pelos de perros o gatos; también te salva de las pelusas de la ropa negra y el polvo en general.", "precio": "5790.00", "stock": 15, "destacado": false, "precio_oferta": null, "en_oferta": false, "en_carrusel": false, "fecha_fin_oferta": null, "es_combo": false, "etiqueta_oferta": "", "productos_incluidos": "", "peso_gramos": 500, "largo_cm": 20, "ancho_cm": 15, "alto_cm": 10, "portada": "", "categoria": 1, "creado": "2026-06-05T00:10:25.583Z", "actualizado": "2026-06-05T18:05:53.730Z"}}, {"model": "productos.producto", "pk": 11, "fields": {"nombre": "Repuesto Sacapelusa x2", "descripcion": "Repuestos para Rodillo Quita Pelusas (Pack x2)\r\nPara que no te quedes a mitad de camino cuando estás combatiendo los pelos de tu mascota. Este pack trae dos rollos de repuesto listos para colocar en tu mango de siempre.\r\n\r\n¿Cómo se usan?\r\nSacás el viejo: Deslizás el tubo de cartón vacío de tu mango actual hacia afuera.\r\n\r\nPonés el repuesto: Calzás uno de los nuevos rollos adhesivos de 100mm en el mango.\r\n\r\nListo para limpiar: Le sacás el papel protector exterior y ya podés volver a pasar el rodillo por tu ropa o sillones.\r\n\r\nLo mejor de este pack:\r\nVienen 2 unidades: Asegurás un buen stock de hojas adhesivas para tener siempre a mano en casa o en el auto.\r\n\r\nMedida universal: Son de 100mm, el tamaño estándar que calza perfecto en la gran mayoría de los mangos quita pelusas.\r\n\r\nDiseño con onda: Vienen con un estampado de pandas súper copado (como se ve en la foto de WhatsApp Image 2026-06-03 at 16.26.36 (1).jpeg), ideal para ponerle un poco de onda a la limpieza.\r\n\r\nMáximo pegamento: La misma calidad de adhesivo que atrapa pelusas, pelos y polvo al toque sin dañar tus prendas.", "precio": "6490.00", "stock": 2, "destacado": false, "precio_oferta": null, "en_oferta": false, "en_carrusel": false, "fecha_fin_oferta": null, "es_combo": false, "etiqueta_oferta": "", "productos_incluidos": "", "peso_gramos": 500, "largo_cm": 20, "ancho_cm": 15, "alto_cm": 10, "portada": "", "categoria": 1, "creado": "2026-06-05T00:12:41.000Z", "actualizado": "2026-06-05T18:06:36.854Z"}}, {"model": "productos.producto", "pk": 12, "fields": {"nombre": "Sacapelusa + Repuesto (Horizontal)", "descripcion": "Rodillo Saca Pelos Horizontal + Repuesto\r\nKit completo ideal para remover de forma rápida el pelo de tus mascotas, pelusas y polvo de la ropa, tapizados o sillones. Su diseño horizontal ofrece una mayor superficie de contacto para una limpieza más eficiente.\r\n\r\n¿Cómo funciona?\r\nUso inicial: Deslizás el rodillo sobre la prenda o superficie. Las hojas adhesivas capturan la suciedad acumulada al instante.\r\n\r\nRenovación de la hoja: Cuando la superficie del rollo se cubra por completo y pierda adherencia, despegás la hoja usada desde la punta para descubrir una nueva.\r\n\r\nCambio de repuesto: Una vez agotadas todas las hojas del rodillo principal, removés el tubo de cartón vacío y colocás el rollo de repuesto incluido en el pack.\r\n\r\nCaracterísticas principales:\r\nFormato horizontal: Su mango en forma de T permite aplicar una presión uniforme, facilitando la limpieza en áreas grandes como sábanas o sillones.\r\n\r\nKit con repuesto incluido: El paquete contiene el mango con un rodillo ya colocado y un rollo adicional de repuesto, garantizando una mayor duración del producto antes de necesitar nuevas reposiciones.\r\n\r\nAdhesivo eficaz y seguro: Remueve pelos de perros y gatos sin dejar residuos ni dañar las fibras de los tejidos de tus prendas.\r\n\r\nFácil de guardar: Su tamaño compacto permite guardarlo o transportarlo de manera cómoda en cualquier espacio.", "precio": "8900.00", "stock": 12, "destacado": false, "precio_oferta": null, "en_oferta": false, "en_carrusel": false, "fecha_fin_oferta": null, "es_combo": false, "etiqueta_oferta": "", "productos_incluidos": "", "peso_gramos": 500, "largo_cm": 20, "ancho_cm": 15, "alto_cm": 10, "portada": "", "categoria": 1, "creado": "2026-06-05T00:17:39.039Z", "actualizado": "2026-06-05T02:18:04.521Z"}}, {"model": "productos.producto", "pk": 13, "fields": {"nombre": "Pelota Inteligente Giratoria", "descripcion": "Pelota Interactiva con Cola para Gatos\r\nUn juguete diseñado especialmente para estimular el instinto de caza y mantener a tu gato activo y entretenido. Su combinación de movimiento y texturas ayuda a combatir el aburrimiento dentro del hogar.\r\n\r\n¿Cómo funciona?\r\nMovimiento irregular: Al interactuar con la pelota, esta rueda de forma impredecible gracias a su diseño, llamando la atención del felino de inmediato.\r\n\r\nEstímulo con la cola: La extensión flexible o \"cola\" que sobresale del juguete (como se observa en la imagen de interactiva.jpeg) se sacude y ondula con cada movimiento, imitando el escape de una presa real.\r\n\r\nAtracción visual y táctil: El contraste de texturas entre la sección rígida transparente y la cubierta de color incentiva al gato a perseguir, golpear y atrapar el juguete con sus garras.\r\n\r\nCaracterísticas principales:\r\nEstimulación saludable: Fomenta el ejercicio físico diario, ayudando a controlar el sobrepeso y reduciendo el estrés o la ansiedad en gatos que pasan mucho tiempo solos.\r\n\r\nMateriales resistentes: Fabricada con componentes seguros y duraderos, preparados para soportar los rasguños y mordidas habituales durante el juego.\r\n\r\nDiseño dinámico: La flexibilidad de su cola prolonga el movimiento autónomo del juguete después de cada golpe, manteniendo el interés del animal por más tiempo.\r\n\r\nApto para todas las edades: Ideal tanto para gatitos en etapa de alta energía como para gatos adultos que necesitan un incentivo extra para mantenerse activos.", "precio": "11200.00", "stock": 7, "destacado": false, "precio_oferta": null, "en_oferta": false, "en_carrusel": false, "fecha_fin_oferta": null, "es_combo": false, "etiqueta_oferta": "", "productos_incluidos": "", "peso_gramos": 500, "largo_cm": 20, "ancho_cm": 15, "alto_cm": 10, "portada": "", "categoria": 1, "creado": "2026-06-05T00:20:00.508Z", "actualizado": "2026-06-05T18:09:29.654Z"}}, {"model": "productos.producto", "pk": 15, "fields": {"nombre": "Rascador Cartón Hélice", "descripcion": "Rascador de Cartón para Gatos (Modelo Hélice)\r\nLa solución ideal para que tu gato canalice su instinto natural de rascar, protegiendo tus sillones, cortinas y alfombras de sus uñas. Su diseño anatómico no solo sirve para limar sus garras, sino también como un espacio cómodo para descansar.\r\n\r\n¿Cómo funciona?\r\nEstimulación por textura: El cartón corrugado de alta densidad genera una resistencia y un sonido al rascar que a los gatos les encanta, atrayendo su atención de forma inmediata.\r\n\r\nDiseño ergonómico: Su forma ondulada tipo hélice se adapta perfectamente a la postura del felino, permitiéndole estirarse cómodamente mientras se afila las uñas o usarlo como camita para tomar una siesta.\r\n\r\nUso prolongado: Al ser un bloque compacto y liviano, podés ubicarlo en su rincón favorito o moverlo fácilmente por los distintos ambientes de la casa donde tu mascota suela rascar.\r\n\r\nCaracterísticas principales:\r\nProtección para tu hogar: Al ofrecerle una superficie ideal y propia para sus garras, reducís notablemente el daño en los muebles y tapizados de la casa.\r\n\r\nCartón corrugado resistente: Fabricado con capas de cartón superpuestas de buena calidad que toleran el uso diario y el desgarro natural de las uñas.\r\n\r\nTerminación estética: Cuenta con laterales de color que le dan una visual prolija y moderna, adaptándose bien a la decoración de cualquier ambiente.\r\n\r\nSalud y bienestar: Rascar ayuda a los gatos a renovar las capas de sus uñas, estirar sus músculos y liberar el estrés acumulado por el sedentarismo.", "precio": "15200.00", "stock": 13, "destacado": false, "precio_oferta": null, "en_oferta": false, "en_carrusel": false, "fecha_fin_oferta": null, "es_combo": false, "etiqueta_oferta": "", "productos_incluidos": "", "peso_gramos": 500, "largo_cm": 20, "ancho_cm": 15, "alto_cm": 10, "portada": "", "categoria": null, "creado": "2026-06-05T00:25:48.550Z", "actualizado": "2026-06-05T18:02:48.971Z"}}, {"model": "productos.producto", "pk": 16, "fields": {"nombre": "Kit \"Hogar Impecable - Clásico\"", "descripcion": "Kit \"Hogar Impecable - Clásico\" (Cepillo a Vapor + Rodillo Saca Pelos)\r\nEl combo definitivo para mantener tu casa y tu ropa completamente libres de pelos. Este kit combina el cuidado profundo del pelaje de tu mascota con la solución rápida para limpiar tus prendas y tapizados antes de salir.\r\n\r\n¿Qué incluye este kit y cómo funciona?\r\nCepillo Eléctrico a Vapor:\r\n\r\nCómo funciona: Le cargás agua en su depósito integrado para que emita una fina brisa de vapor frío. Al peinar a tu perro o gato, la humedad elimina la estática, haciendo que todo el pelo muerto se quede pegado en sus cerdas de silicona blanda en lugar de volar por el aire. Además, afloja la suciedad superficial y les da un masaje súper relajante sin tirones.\r\n\r\nRodillo Saca Pelos Clásico (60 Hojas):\r\n\r\nCómo funciona: El aliado perfecto para vos. Lo deslizás sobre tus pantalones, camperas, sillones o los asientos del auto y su cinta adhesiva de alta eficacia atrapa las pelusas y pelos al instante. Cuando la hoja se llena, la despegás fácil desde la punta, la tirás y ya tenés una hoja nueva lista para usar.\r\n\r\nBeneficios clave del Kit:\r\nAcción doble: Con el cepillo atacás el problema directamente desde tu mascota (evitando que el pelo caiga al piso), y con el rodillo limpiás al toque cualquier rastro que haya quedado en tu ropa o muebles.\r\n\r\nCuidado sin estrés: El cepillo es apto para perros y gatos de pelo corto o largo; no lastima la piel y ayuda a espaciar los baños tradicionales.\r\n\r\nSolución rápida y portátil: El rodillo es liviano y cómodo para tener a mano en la entrada de casa o llevarlo en la mochila para una limpieza exprés antes de una reunión.\r\n\r\nPrácticos y rendidores: El cepillo incluye su cable de carga USB (olvidate de gastar en pilas) y el rodillo viene con 60 hojas adhesivas de gran duración que no dañan los tejidos", "precio": "18600.00", "stock": 15, "destacado": false, "precio_oferta": "14900.00", "en_oferta": true, "en_carrusel": true, "fecha_fin_oferta": null, "es_combo": true, "etiqueta_oferta": "", "productos_incluidos": "", "peso_gramos": 500, "largo_cm": 20, "ancho_cm": 15, "alto_cm": 15, "portada": "", "categoria": 1, "creado": "2026-06-05T00:28:05.506Z", "actualizado": "2026-06-09T20:06:04.617Z"}}, {"model": "productos.producto", "pk": 17, "fields": {"nombre": "Kit \"Hogar Impecable - Premium", "descripcion": "Kit \"Hogar Impecable - Premium\" (Cepillo Premium Mango Rebatible + Rodillo Horizontal + Repuesto)\r\nEl combo de nivel superior pensado para quienes buscan la máxima comodidad y eficiencia en la limpieza. Combina nuestro cepillo a vapor con diseño avanzado para tu mascota y el rodillo horizontal de gran superficie con repuesto incluido para tu ropa y el hogar.\r\n\r\n¿Qué incluye este kit y cómo funciona?\r\nCepillo Eléctrico a Vapor Premium (Cepillo B):\r\n\r\nCómo funciona: Cuenta con un depósito interno para agua que genera una fina brisa de vapor frío. Al peinar, elimina la estática del pelo de tu mascota para que quede atrapado en las cerdas de silicona en lugar de flotar por la casa. Su gran diferencial es el mango rebatible y giratorio, que podés desplegar para un agarre ergonómico o plegar por completo para usarlo directamente sobre la palma de la mano.\r\n\r\nRodillo Saca Pelos Horizontal (+ Rollo de Repuesto):\r\n\r\nCómo funciona: Diseñado en forma de T, este rodillo horizontal ofrece una mayor superficie de contacto, ideal para limpiar rápidamente áreas grandes como sillones, sábanas o abrigos. Solo lo deslizás para capturar pelos y pelusas al instante. Cuando la hoja se llena, la despegás para usar la siguiente; y cuando se agota el rollo, colocás fácilmente el repuesto que viene incluido.\r\n\r\nBeneficios clave del Kit Premium:\r\nMayor eficiencia y cobertura: El diseño horizontal del rodillo te permite limpiar superficies grandes en menos pasadas y con una presión más uniforme.\r\n\r\nDiseño inteligente y compacto: El mango rebatible del cepillo permite adaptarlo a tu comodidad y guardarlo ocupando el mínimo espacio.\r\n\r\nKit de larga duración: Al incluir un rollo de repuesto adicional para el rodillo horizontal, asegurás una gran cantidad de hojas adhesivas antes de necesitar una reposición.\r\n\r\nCuidado premium para tu mascota: Las púas de silicona blanda no dan tirones, limpian la suciedad superficial del manto y ofrecen un masaje relajante que a los perros y gatos les encanta.\r\n\r\nTecnología recargable: El cepillo funciona de manera inalámbrica y se recarga de forma sencilla mediante el cable USB incluido.", "precio": "22800.00", "stock": 15, "destacado": false, "precio_oferta": "18400.00", "en_oferta": true, "en_carrusel": true, "fecha_fin_oferta": null, "es_combo": true, "etiqueta_oferta": "", "productos_incluidos": "", "peso_gramos": 500, "largo_cm": 20, "ancho_cm": 15, "alto_cm": 10, "portada": "", "categoria": 1, "creado": "2026-06-05T00:30:43.371Z", "actualizado": "2026-06-05T22:58:31.584Z"}}, {"model": "productos.producto", "pk": 18, "fields": {"nombre": "Kit \"Gato Activo\"", "descripcion": "Kit \"Gato Activo\" (Pelota Interactiva + Rascador de Cartón)\r\nEl combo ideal pensado exclusivamente para el bienestar, entretenimiento y salud de tu gato. Combina juego en movimiento y cuidado de garras para mantenerlo activo, libre de estrés y alejado de tus muebles.\r\n\r\n¿Qué incluye este kit y cómo funciona?\r\nPelota Interactiva con Cola:\r\n\r\nCómo funciona: Al ser golpeada, la pelota rueda con un movimiento irregular e impredecible que despierta el instinto cazador del felino. Su extensión flexible o \"cola\" se sacude en cada giro, imitando el escape de una presa real para mantener su atención y motivarlo a correr y saltar.\r\n\r\nRascador de Cartón (Modelo Hélice):\r\n\r\nCómo funciona: Ofrece una superficie de cartón corrugado de alta densidad que genera la resistencia y el sonido perfecto que los gatos buscan para limar sus uñas. Su diseño ondulado y ergonómico tiene la doble función de servir como rascador y también como un espacio cómodo donde pueden recostarse a descansar.\r\n\r\nBeneficios clave del Kit:\r\nEntretenimiento y ejercicio diario: Ayuda a combatir el aburrimiento y el sedentarismo en gatos que pasan mucho tiempo solos dentro de casa, estimulando su agilidad física y mental.\r\n\r\nProtección para tu hogar: Al darle dos opciones atractivas de juego y descarga, reducís drásticamente la probabilidad de que arañe sillones, cortinas o alfombras.\r\n\r\nSalud y bienestar felino: Fomenta la renovación saludable de las capas de sus uñas, el estiramiento muscular y la liberación de ansiedad a través del juego seguro.\r\n\r\nMateriales resistentes: Ambos productos están fabricados con componentes duraderos y seguros, diseñados para aguantar los rasguños y las mordidas habituales.", "precio": "26400.00", "stock": 15, "destacado": false, "precio_oferta": "23500.00", "en_oferta": true, "en_carrusel": true, "fecha_fin_oferta": null, "es_combo": true, "etiqueta_oferta": "", "productos_incluidos": "", "peso_gramos": 500, "largo_cm": 20, "ancho_cm": 15, "alto_cm": 10, "portada": "", "categoria": 1, "creado": "2026-06-05T00:32:23.562Z", "actualizado": "2026-06-05T22:58:30.877Z"}}, {"model": "productos.producto", "pk": 19, "fields": {"nombre": "Cepillo Eléctrico a Vapor Premium", "descripcion": "Cepillo Eléctrico a Vapor Premium (Mango Rebatible)\r\nUna versión evolucionada del cepillo a vapor tradicional, diseñada para ofrecer mayor comodidad en el agarre y almacenamiento. Ideal para eliminar el pelo muerto de tus mascotas, deshacer nudos y limpiar su pelaje sin estresarlos.\r\n\r\n¿Cómo funciona?\r\nCarga y encendido: Se llena el depósito interno con agua y se activa mediante el botón superior. El dispositivo comienza a emitir una fina brisa de vapor frío de forma automática.\r\n\r\nPeinado con vapor: Al pasar el cepillo, la humedad elimina la estática del pelo. Esto hace que las hebras sueltas se adhieran directamente a las cerdas en lugar de volar por el ambiente.\r\n\r\nAjuste del mango: Podés usar el mango desplegado para peinar cómodamente las zonas difíciles o plegarlo por completo para trabajar con el cepillo directamente sobre la palma de la mano, adaptándose a lo que te quede más cómodo.\r\n\r\nCaracterísticas principales:\r\nMango giratorio y rebatible: Como se puede ver en el empaque, cuenta con un diseño ergonómico que se pliega para ocupar el mínimo espacio al guardarlo o transportarlo.\r\n\r\nFunción de masaje: Las púas de silicona blanda están diseñadas para acariciar la piel de perros y gatos, estimulando la circulación y brindando un momento relajante mientras los aseás.\r\n\r\nHigiene sin complicaciones: El vapor ayuda a ablandar la suciedad superficial del manto, permitiendo espaciar los baños tradicionales y manteniendo a la mascota limpia por más tiempo.\r\n\r\nBatería recargable: Funciona de forma inalámbrica mediante una batería interna que se recarga de forma sencilla por puerto USB", "precio": "13900.00", "stock": 15, "destacado": false, "precio_oferta": null, "en_oferta": false, "en_carrusel": false, "fecha_fin_oferta": null, "es_combo": false, "etiqueta_oferta": "", "productos_incluidos": "", "peso_gramos": 500, "largo_cm": 20, "ancho_cm": 15, "alto_cm": 10, "portada": "", "categoria": 1, "creado": "2026-06-05T13:19:37.370Z", "actualizado": "2026-06-05T13:19:40.984Z"}}, {"model": "productos.producto", "pk": 20, "fields": {"nombre": "prueba", "descripcion": "", "precio": "10.00", "stock": 11, "destacado": false, "precio_oferta": null, "en_oferta": false, "en_carrusel": false, "fecha_fin_oferta": null, "es_combo": false, "etiqueta_oferta": "", "productos_incluidos": "", "peso_gramos": 500, "largo_cm": 20, "ancho_cm": 15, "alto_cm": 10, "portada": "", "categoria": null, "creado": "2026-06-08T16:14:49.600Z", "actualizado": "2026-06-08T21:00:41.048Z"}}, {"model": "productos.producto", "pk": 21, "fields": {"nombre": "kit", "descripcion": "", "precio": "15500.00", "stock": 10, "destacado": false, "precio_oferta": null, "en_oferta": false, "en_carrusel": false, "fecha_fin_oferta": null, "es_combo": false, "etiqueta_oferta": "", "productos_incluidos": "", "peso_gramos": 500, "largo_cm": 20, "ancho_cm": 15, "alto_cm": 10, "portada": "", "categoria": 1, "creado": "2026-06-09T01:39:19.662Z", "actualizado": "2026-06-09T01:39:20.019Z"}}, {"model": "productos.producto", "pk": 22, "fields": {"nombre": "kit", "descripcion": "", "precio": "15500.00", "stock": 10, "destacado": true, "precio_oferta": null, "en_oferta": false, "en_carrusel": false, "fecha_fin_oferta": null, "es_combo": false, "etiqueta_oferta": "", "productos_incluidos": "", "peso_gramos": 500, "largo_cm": 20, "ancho_cm": 15, "alto_cm": 10, "portada": "", "categoria": 1, "creado": "2026-06-09T01:39:32.406Z", "actualizado": "2026-06-09T01:44:36.582Z"}}, {"model": "productos.producto", "pk": 23, "fields": {"nombre": "no tiene ni un kiki", "descripcion": "", "precio": "10500.00", "stock": 9, "destacado": false, "precio_oferta": null, "en_oferta": false, "en_carrusel": false, "fecha_fin_oferta": null, "es_combo": false, "etiqueta_oferta": "", "productos_incluidos": "", "peso_gramos": 500, "largo_cm": 20, "ancho_cm": 15, "alto_cm": 10, "portada": "", "categoria": 1, "creado": "2026-06-09T01:40:18.241Z", "actualizado": "2026-06-09T01:40:19.715Z"}}, {"model": "productos.producto", "pk": 24, "fields": {"nombre": "babality", "descripcion": "", "precio": "1.00", "stock": 0, "destacado": true, "precio_oferta": null, "en_oferta": true, "en_carrusel": true, "fecha_fin_oferta": null, "es_combo": false, "etiqueta_oferta": "", "productos_incluidos": "", "peso_gramos": 500, "largo_cm": 20, "ancho_cm": 15, "alto_cm": 10, "portada": "", "categoria": null, "creado": "2026-06-09T02:41:39.769Z", "actualizado": "2026-06-09T02:42:47.406Z"}}, {"model": "productos.producto", "pk": 25, "fields": {"nombre": "Saca Pelusas 60 hojas", "descripcion": "", "precio": "5900.00", "stock": 12, "destacado": false, "precio_oferta": null, "en_oferta": false, "en_carrusel": false, "fecha_fin_oferta": null, "es_combo": false, "etiqueta_oferta": "", "productos_incluidos": "", "peso_gramos": 500, "largo_cm": 20, "ancho_cm": 15, "alto_cm": 10, "portada": "", "categoria": 1, "creado": "2026-06-09T19:54:39.468Z", "actualizado": "2026-06-09T19:56:48.304Z"}}, {"model": "productos.portadaproducto", "pk": 2, "fields": {"producto": 9, "imagen": "media/productos/portadas/shopping_1_ottcgv"}}, {"model": "productos.portadaproducto", "pk": 3, "fields": {"producto": 9, "imagen": "media/productos/portadas/shopping_uofizu"}}, {"model": "productos.portadaproducto", "pk": 4, "fields": {"producto": 9, "imagen": "media/productos/portadas/nini_dmlqnb"}}, {"model": "productos.portadaproducto", "pk": 5, "fields": {"producto": 9, "imagen": "media/productos/portadas/vapor_dildn9"}}, {"model": "productos.portadaproducto", "pk": 6, "fields": {"producto": 10, "imagen": "media/productos/portadas/WhatsApp_Image_2026-06-03_at_16.26.36_3_sniirb"}}, {"model": "productos.portadaproducto", "pk": 7, "fields": {"producto": 11, "imagen": "media/productos/portadas/WhatsApp_Image_2026-06-03_at_16.26.36_1_uiqdro"}}, {"model": "productos.portadaproducto", "pk": 8, "fields": {"producto": 12, "imagen": "media/productos/portadas/WhatsApp_Image_2026-06-03_at_16.26.36_2_pf91nd"}}, {"model": "productos.portadaproducto", "pk": 9, "fields": {"producto": 13, "imagen": "media/productos/portadas/interactiva_fia20a"}}, {"model": "productos.portadaproducto", "pk": 11, "fields": {"producto": 15, "imagen": "media/productos/portadas/cartocat-rascador-de-carton-helice-47-x-20-x-5-cm_vzix39"}}, {"model": "productos.portadaproducto", "pk": 13, "fields": {"producto": 17, "imagen": "media/productos/portadas/WhatsApp_Image_2026-06-03_at_16.26.36_2_btdyt0"}}, {"model": "productos.portadaproducto", "pk": 14, "fields": {"producto": 17, "imagen": "media/productos/portadas/WhatsApp_Image_2026-06-03_at_16.26.36_bthlds"}}, {"model": "productos.portadaproducto", "pk": 15, "fields": {"producto": 18, "imagen": "media/productos/portadas/cartocat-rascador-de-carton-helice-47-x-20-x-5-cm_auyv4n"}}, {"model": "productos.portadaproducto", "pk": 16, "fields": {"producto": 18, "imagen": "media/productos/portadas/interactiva_ucee6r"}}, {"model": "productos.portadaproducto", "pk": 17, "fields": {"producto": 19, "imagen": "media/productos/portadas/WhatsApp_Image_2026-06-03_at_16.26.36_tma793"}}, {"model": "productos.portadaproducto", "pk": 19, "fields": {"producto": 22, "imagen": "media/productos/portadas/WhatsApp_Image_2026-06-08_at_16.58.16_zvx6cb"}}, {"model": "productos.portadaproducto", "pk": 20, "fields": {"producto": 23, "imagen": "media/productos/portadas/width_816_wg2xwl"}}, {"model": "productos.portadaproducto", "pk": 21, "fields": {"producto": 24, "imagen": "media/productos/portadas/Gemini_Generated_Image_3vnrfe3vnrfe3vnr_scgnee"}}, {"model": "productos.portadaproducto", "pk": 24, "fields": {"producto": 25, "imagen": "media/productos/portadas/Gemini_Generated_Image_bn80xgbn80xgbn80_sdoxx2"}}, {"model": "productos.portadaproducto", "pk": 25, "fields": {"producto": 16, "imagen": "media/productos/portadas/Gemini_Generated_Image_3vnrfe3vnrfe3vnr_aicfq6"}}, {"model": "socialaccount.socialaccount", "pk": 1, "fields": {"user": 2, "provider": "google", "uid": "101047572371792684450", "last_login": "2026-06-10T12:05:38.170Z", "date_joined": "2026-05-30T18:23:46.991Z", "extra_data": {"aud": "369278295514-u4kg10ooqk4453t6cp9dmufj7redgru4.apps.googleusercontent.com", "azp": "369278295514-u4kg10ooqk4453t6cp9dmufj7redgru4.apps.googleusercontent.com", "exp": 1781096737, "iat": 1781093137, "iss": "https://accounts.google.com", "sub": "101047572371792684450", "name": "Facundo Andrada", "at_hash": "G3czEw98NbKEWHbmQzKE_A", "picture": "https://lh3.googleusercontent.com/a/ACg8ocJHztWKLT44H5KfmSQ64eC4xJx-NfkFVNOX3VcQPvE1UTFEyd4cYQ=s96-c", "given_name": "Facundo", "family_name": "Andrada"}}}, {"model": "socialaccount.socialaccount", "pk": 2, "fields": {"user": 3, "provider": "google", "uid": "101798324372523985487", "last_login": "2026-06-08T20:52:39.587Z", "date_joined": "2026-06-08T20:52:39.587Z", "extra_data": {"aud": "369278295514-u4kg10ooqk4453t6cp9dmufj7redgru4.apps.googleusercontent.com", "azp": "369278295514-u4kg10ooqk4453t6cp9dmufj7redgru4.apps.googleusercontent.com", "exp": 1780955558, "iat": 1780951958, "iss": "https://accounts.google.com", "sub": "101798324372523985487", "name": "Mercedes Salegas", "at_hash": "3WoEOzGW_Dxp3oDJ2gaYJg", "picture": "https://lh3.googleusercontent.com/a/ACg8ocJ1BME2R5y7WyKMBjhr1oWf7W3rNzPNQTpfA43XaEOMU9OmwA=s96-c", "given_name": "Mercedes", "family_name": "Salegas"}}}]